<?xml version="1.0" encoding="UTF-8"?>
<metadata xml:lang="en"><Esri><CreaDate>20150218</CreaDate><CreaTime>16032700</CreaTime><ArcGISFormat>1.0</ArcGISFormat><ArcGISstyle>XTools Pro Metadata</ArcGISstyle><SyncOnce>TRUE</SyncOnce><DataProperties><lineage><Process ToolSource="C:\Program Files (x86)\ArcGIS\Desktop10.0\ArcToolbox\Toolboxes\Data Management Tools.tbx\CalculateField" Date="20121108" Time="111241">CalculateField Parroquias_Venezuela_100Mil POY2000 "10.705" VB #</Process><Process ToolSource="C:\Program Files (x86)\ArcGIS\Desktop10.0\ArcToolbox\Toolboxes\Data Management Tools.tbx\CalculateField" Date="20121108" Time="111305">CalculateField Parroquias_Venezuela_100Mil POY2000 10705 VB #</Process><Process ToolSource="C:\Program Files (x86)\ArcGIS\ArcToolbox\Toolboxes\Data Management Tools.tbx\DefineProjection" Date="20150130" Time="135735">DefineProjection Parroquias_Venezuela_100Mil GEOGCS['GCS_La_Canoa',DATUM['D_La_Canoa',SPHEROID['International_1924',6378388.0,297.0]],PRIMEM['Greenwich',0.0],UNIT['Degree',0.0174532925199433]] Parroquias_Venezuela_100Mil</Process><Process ToolSource="c:\program files (x86)\arcgis\desktop10.2\ArcToolbox\Toolboxes\Data Management Tools.tbx\CalculateField" Date="20150203" Time="215808">CalculateField Parroquias_Venezuela PARROQUIA [MUNICIPIO] VB #</Process><Process ToolSource="c:\program files (x86)\arcgis\desktop10.2\ArcToolbox\Toolboxes\Data Management Tools.tbx\CalculateField" Date="20150203" Time="221533">CalculateField Parroquias_Venezuela pa [PARROQUIA] VB #</Process><Process ToolSource="c:\program files (x86)\arcgis\desktop10.2\ArcToolbox\Toolboxes\Data Management Tools.tbx\CalculateField" Date="20150203" Time="221632">CalculateField Parroquias_Venezuela PARROQUIA [pa] VB #</Process><Process ToolSource="c:\program files (x86)\arcgis\desktop10.2\ArcToolbox\Toolboxes\Data Management Tools.tbx\CalculateField" Date="20150203" Time="221659">CalculateField Parroquias_Venezuela RE [MUNICIPIO] VB #</Process><Process ToolSource="c:\program files (x86)\arcgis\desktop10.2\ArcToolbox\Toolboxes\Data Management Tools.tbx\CalculateField" Date="20150203" Time="221737">CalculateField Parroquias_Venezuela MUNICIPIO [RE] VB #</Process><Process ToolSource="c:\program files (x86)\arcgis\desktop10.2\ArcToolbox\Toolboxes\Data Management Tools.tbx\CalculateField" Date="20150203" Time="221758">CalculateField Parroquias_Venezuela RT [ESTADO] VB #</Process><Process ToolSource="c:\program files (x86)\arcgis\desktop10.2\ArcToolbox\Toolboxes\Data Management Tools.tbx\CalculateField" Date="20150203" Time="221825">CalculateField Parroquias_Venezuela ESTADO [RT] VB #</Process><Process ToolSource="c:\program files\arcgis\desktop10.3\ArcToolbox\Toolboxes\Data Management Tools.tbx\CalculateField" Date="20160502" Time="132642">CalculateField Venezuela_Parishes PARROQUIA [PARISH] VB #</Process><Process ToolSource="c:\program files\arcgis\desktop10.3\ArcToolbox\Toolboxes\Data Management Tools.tbx\CalculateField" Date="20160502" Time="134026">CalculateField Venezuela_Parishes MUNICIPIO [MUNICIPLTY] VB #</Process><Process ToolSource="c:\program files\arcgis\desktop10.3\ArcToolbox\Toolboxes\Data Management Tools.tbx\CalculateField" Date="20160502" Time="134035">CalculateField Venezuela_Parishes ESTADO [STATE] VB #</Process><Process ToolSource="c:\program files\arcgis\desktop10.3\ArcToolbox\Toolboxes\Data Management Tools.tbx\CalculateField" Date="20160502" Time="155111">CalculateField Parroquias_Venezuela 00 [PARROQUIA] VB #</Process><Process ToolSource="c:\program files\arcgis\desktop10.3\ArcToolbox\Toolboxes\Data Management Tools.tbx\CalculateField" Date="20160502" Time="155148">CalculateField Parroquias_Venezuela 00 [PARROQUIA] VB #</Process><Process ToolSource="c:\program files\arcgis\desktop10.3\ArcToolbox\Toolboxes\Data Management Tools.tbx\CalculateField" Date="20160502" Time="155314">CalculateField Parroquias_Venezuela PARROQUIA [00] VB #</Process><Process ToolSource="c:\program files\arcgis\desktop10.3\ArcToolbox\Toolboxes\Data Management Tools.tbx\CalculateField" Date="20160502" Time="155404">CalculateField Parroquias_Venezuela 00 [MUNICIPIO] VB #</Process><Process ToolSource="c:\program files\arcgis\desktop10.3\ArcToolbox\Toolboxes\Data Management Tools.tbx\CalculateField" Date="20160502" Time="155434">CalculateField Parroquias_Venezuela MUNICIPIO [00] VB #</Process><Process ToolSource="c:\program files\arcgis\desktop10.3\ArcToolbox\Toolboxes\Data Management Tools.tbx\CalculateField" Date="20160502" Time="155649">CalculateField Parroquias_Venezuela 00 [ESTADO] VB #</Process><Process ToolSource="c:\program files\arcgis\desktop10.3\ArcToolbox\Toolboxes\Data Management Tools.tbx\CalculateField" Date="20160502" Time="155712">CalculateField Parroquias_Venezuela 00 [ESTADO] VB #</Process><Process ToolSource="c:\program files\arcgis\desktop10.3\ArcToolbox\Toolboxes\Data Management Tools.tbx\CalculateField" Date="20160502" Time="155732">CalculateField Parroquias_Venezuela 00 [ESTADO] VB #</Process><Process ToolSource="c:\program files\arcgis\desktop10.3\ArcToolbox\Toolboxes\Data Management Tools.tbx\CalculateField" Date="20160502" Time="155752">CalculateField Parroquias_Venezuela 00 [ESTADO] VB #</Process><Process ToolSource="c:\program files\arcgis\desktop10.3\ArcToolbox\Toolboxes\Data Management Tools.tbx\CalculateField" Date="20160502" Time="155819">CalculateField Parroquias_Venezuela ESTADO [00] VB #</Process><Process ToolSource="c:\program files\arcgis\desktop10.3\ArcToolbox\Toolboxes\Data Management Tools.tbx\CalculateField" Date="20160503" Time="095053">CalculateField Parroquias_Venezuela PARROQUIA "Zona en Reclamación" VB #</Process><Process ToolSource="c:\program files\arcgis\desktop10.3\ArcToolbox\Toolboxes\Data Management Tools.tbx\CalculateField" Date="20160503" Time="095119">CalculateField Parroquias_Venezuela MUNICIPIO "Zona en Reclamación" VB #</Process><Process ToolSource="c:\program files\arcgis\desktop10.3\ArcToolbox\Toolboxes\Data Management Tools.tbx\CalculateField" Date="20160503" Time="095123">CalculateField Parroquias_Venezuela ESTADO "Zona en Reclamación" VB #</Process><Process ToolSource="c:\program files\arcgis\desktop10.3\ArcToolbox\Toolboxes\Data Management Tools.tbx\CalculateField" Date="20160503" Time="095142">CalculateField Parroquias_Venezuela ESTADO "Z. en Reclamación" VB #</Process><Process ToolSource="c:\program files\arcgis\desktop10.3\ArcToolbox\Toolboxes\Data Management Tools.tbx\CalculateField" Date="20160503" Time="095158">CalculateField Parroquias_Venezuela ESTADO "Z. Reclamación" VB #</Process></lineage></DataProperties><MetaID>{A8DFA23C-5B85-421F-A60B-36DD423D4A00}</MetaID></Esri><idinfo><citation><citeinfo><onlink Sync="TRUE"></onlink></citeinfo></citation></idinfo><distInfo><distributor><distorTran><onLineSrc><linkage Sync="TRUE">file://</linkage><protocol Sync="TRUE">Local Area Network</protocol></onLineSrc></distorTran></distributor></distInfo><dataqual><lineage><procstep><procdesc Sync="TRUE">Dataset copied.</procdesc><srcused Sync="TRUE"></srcused><procdate Sync="TRUE">20150130</procdate><proctime Sync="TRUE">13584700</proctime></procstep><procstep><procdesc Sync="TRUE">Dataset copied.</procdesc><srcused Sync="TRUE"></srcused><procdate Sync="TRUE">20150218</procdate><proctime Sync="TRUE">16032700</proctime></procstep></lineage></dataqual></metadata>
